ID,Name,Category,Experience,Education,Key Skills,Resume
1,Emma Johnson,Python Developer,5,MS Computer Science,"Python, Django, AWS, PostgreSQL","Built REST APIs handling 5M+ daily requests. Optimized database queries reducing latency by 65%. AWS Certified Developer."
2,Michael Chen,Data Scientist,4,PhD Machine Learning,"Python, TensorFlow, PyTorch, NLP","Developed recommendation system improving CTR by 30%. Published 2 papers on transformer architectures."
3,David Wilson,DevOps Engineer,7,BS Computer Engineering,"AWS, Kubernetes, Terraform, CI/CD","Implemented GitOps workflow reducing deployment times by 70%. Managed 100+ node K8s clusters."
4,Zaki Siddiqui,Java Developer,6,MS Software Engineering,"Java, Spring Boot, Microservices, Kafka","Led team building high-frequency trading system processing 10K TPS. Optimized JVM performance."
5,James Brown,ML Engineer,3,MS Artificial Intelligence,"Python, PyTorch, Computer Vision, OpenCV","Developed real-time object detection system with 95% accuracy. Deployed models using TensorRT."
6,Olivia Davis,Full Stack Developer,4,Bootcamp,"JavaScript, React, Node.js, MongoDB","Built SaaS platform from scratch to 50K users. Implemented JWT authentication and Stripe integration."
7,Robert Garcia,Cloud Architect,10,BS IT,"AWS, GCP, Terraform, Security","Designed multi-cloud infrastructure for Fortune 500 company. Reduced costs by 40% through optimization."
8,Sophia Martinez,Data Engineer,5,MS Data Science,"Python, Spark, Airflow, Snowflake","Built ETL pipelines processing 10TB daily. Implemented data quality monitoring framework."
9,William Anderson,Python Developer,2,BS Computer Science,"Python, Flask, Pandas, SQL","Developed analytics dashboard reducing reporting time from hours to minutes. Contributed to open-source."
10,Ava Thomas,Frontend Engineer,3,BS Design,"React, TypeScript, CSS, UX","Led redesign increasing conversion by 25%. Created design system used by 30+ developers."
11,Ethan Jackson,Backend Engineer,4,MS Computer Science,"Go, PostgreSQL, gRPC, Redis","Scaled microservices to handle 10x traffic growth. Implemented caching reducing DB load by 60%."
12,Mia White,QA Automation,5,BS Software Engineering,"Selenium, Python, CI/CD, Jest","Built test framework covering 90% of codebase. Reduced regression testing time by 80%."
13,Alexander Harris,Blockchain Developer,3,BS Cryptography,"Solidity, Ethereum, Web3, DeFi","Developed smart contracts handling $10M+ in transactions. Performed security audits."
14,Charlotte Clark,Database Admin,8,BS Database Systems,"PostgreSQL, MySQL, Performance Tuning","Optimized queries reducing response times by 90%. Designed HA database clusters."
15,Benjamin Lewis,Embedded Engineer,6,MS Electrical Eng,"C++, RTOS, IoT, ARM","Developed firmware for medical devices. Reduced power consumption by 40%."
16,Amelia Walker,Security Engineer,5,MS Cybersecurity,"Python, Pentesting, SIEM, OWASP","Implemented zero-trust architecture. Found critical vulnerabilities in Fortune 100 systems."
17,Henry Hall,Python Developer,3,BS Data Science,"Python, FastAPI, Data Analysis","Built ML pipelines processing 1M+ records daily. Created anomaly detection system."
18,Scarlett Young,DevOps Engineer,2,BS Cloud Computing,"AWS, Docker, Python, Monitoring","Automated deployment pipeline reducing errors by 75%. Implemented centralized logging."
19,Daniel Allen,Java Developer,5,MS Computer Science,"Java, Spring Cloud, Cassandra","Migrated monolith to microservices. Improved throughput by 5x through async processing."
20,Abigail King,Data Scientist,4,PhD Statistics,"R, Python, Bayesian Models","Developed pricing models increasing revenue by 15%. Created automated reporting system."
21,Matthew Scott,ML Engineer,3,MS Computer Vision,"Python, OpenCV, YOLO, GANs","Built real-time video analytics system. Reduced false positives by 60%."
22,Elizabeth Green,Full Stack Developer,4,BS Web Development,"React, Node.js, GraphQL","Led team building CMS used by 100+ content creators. Implemented real-time collaboration."
23,Christopher Adams,Cloud Engineer,5,BS Network Engineering,"Azure, Terraform, Ansible","Migrated on-prem infrastructure to cloud. Reduced costs by 35%."
24,Victoria Baker,Data Engineer,3,BS Computer Science,"Python, Spark, Kafka","Built real-time data pipeline processing 1M events/sec. Implemented exactly-once semantics."
25,Andrew Nelson,Python Developer,4,MS Software Engineering,"Python, Django, Celery, Redis","Scaled web application to 1M+ users. Implemented async task processing."
26,Madison Carter,Frontend Engineer,2,BS Design,"Vue.js, CSS, Web Components","Created component library adopted company-wide. Improved page load times by 40%."
27,David Wright,Backend Engineer,7,PhD Distributed Systems,"Java, Kafka, Cassandra","Designed distributed ledger handling 10K TPS. Patent holder in consensus algorithms."
28,Chloe Lopez,QA Lead,8,BS Quality Engineering,"Cypress, Selenium, Load Testing","Built automated regression suite covering 95% of features. Mentored 10+ engineers."
29,Joseph Hill,Blockchain Developer,4,MS Cryptography,"Rust, Substrate, Polkadot","Core contributor to major blockchain protocol. Designed novel consensus mechanism."
30,Emily Perez,Database Engineer,5,MS Database Systems,"MongoDB, Sharding, Replication","Scaled database to 1B+ documents. Implemented zero-downtime migrations."
31,Samuel Roberts,Embedded Developer,3,BS Electrical Engineering,"C, RTOS, Bluetooth","Developed IoT firmware with 99.99% uptime. Reduced power consumption by 30%."
32,Avery Turner,Security Analyst,4,MS Cybersecurity,"Python, Burp Suite, IDS","Performed penetration tests uncovering critical vulnerabilities. Implemented WAF rules."
33,David Parker,Python Developer,5,BS Computer Science,"Python, FastAPI, AWS Lambda","Built serverless microservices processing 5M+ events daily. Reduced costs by 60%."
34,Sofia Evans,DevOps Engineer,3,BS Cloud Architecture,"GCP, Kubernetes, Helm","Managed 50+ microservices. Implemented auto-scaling saving $20K/month."
35,Jackson Collins,Java Developer,6,MS Software Engineering,"Java, Quarkus, GraalVM","Reduced startup time by 80% through native compilation. JVM performance expert."
36,Lily Edwards,Data Scientist,3,MS Applied Math,"Python, Pandas, Forecasting","Built demand prediction models with 92% accuracy. Automated data validation."
37,Nathan Stewart,ML Engineer,4,PhD Computer Vision,"PyTorch, TensorRT, ONNX","Optimized models for edge devices. Reduced inference time by 10x."
38,Hannah Morris,Full Stack Developer,2,Bootcamp,"JavaScript, React, Firebase","Built social media app reaching 100K users. Implemented real-time notifications."
39,Anthony Cooper,Cloud Architect,9,PhD Distributed Systems,"AWS, GCP, Multi-region","Designed globally distributed systems with 99.999% uptime. Disaster recovery expert."
40,Zoe Rogers,Data Engineer,4,MS Data Engineering,"Spark, Delta Lake, dbt","Built modern data stack processing 10TB/day. Implemented data lineage tracking."
41,Christopher Phillips,Python Developer,3,BS Computer Science,"Python, Django, GraphQL","Developed API gateway serving 100+ microservices. Optimized query performance."
42,Addison Campbell,Frontend Architect,7,MS HCI,"React, TypeScript, Webpack","Created design system used by 200+ developers. Accessibility specialist."
43,Julian Sanchez,Backend Engineer,5,BS Computer Engineering,"Go, PostgreSQL, gRPC","Built high-performance API handling 50K RPS. Implemented rate limiting."
44,Layla Torres,QA Engineer,4,BS Software Testing,"Playwright, Jest, CI/CD","Reduced test flakiness by 90%. Implemented visual regression testing."
45,Dylan James,Blockchain Researcher,5,PhD Cryptography,"Rust, Zero-Knowledge Proofs","Published 3 papers on scaling solutions. Protocol designer."
46,Natalie Reed,Database Architect,10,MS Database Systems,"PostgreSQL, Partitioning","Designed petabyte-scale data warehouse. Query optimization expert."
47,Cameron Bailey,Embedded Linux,6,BS Electrical Engineering,"C++, Yocto, Device Drivers","Developed custom Linux distro for IoT devices. Reduced boot time by 70%."
48,Riley Cox,AppSec Engineer,5,MS Cybersecurity,"Python, SAST, DAST","Implemented secure SDLC reducing vulnerabilities by 80%. OWASP contributor."
49,Leah Howard,Python Developer,2,BS Data Science,"Python, Pandas, Jupyter","Built data analysis tools used by 50+ analysts. Created automated reports."
50,Gabriel Ward,DevOps Lead,8,PhD Cloud Computing,"Kubernetes, Istio, GitOps","Pioneered GitOps adoption across 10 teams. Reduced incident resolution time by 60%."